country,domain
United States,freesourcecodes.com
India,wsu.university
United Kingdom,joinkula.io
United States,leadsolympia.com
United States,chcnetwork.org
India,techgropse.com
United States,teknobit.com
India,futurebytesolutionsinc.com
South Africa,vernonfroneman.com
United States,lynchgroup.co
United States,seedify.fund
United States,ygrene.vip
United States,niyousllc.com
Australia,australandagri.com.au
Canada,passmail.net
United States,solvpath.com
Armenia,allpara.com
India,somakanti.com
Spain,hslu.ch
United States,oxmtalent.com
Philippines,outsourceaccelerator.com
India,numberscraft.com
Viet Nam,demetergroup.io
United States,pm.me
United States,malobicky.com
Portugal,serenity21.com
New Zealand,olympiathelabel.com
United States,adpatients.co
Belgium,milakampen.be
India,gsconsulting.in
India,times.my
United States,thecohsalon.com
India,suvitt.com
United States,myequitysolar.com
South Africa,glowifyleads.com
Jordan,qtechnetworks.com
Germany,executive-engineers.com
United States,alfadhel.net
India,mynachiketa.com
India,rpoarena.com
France,entrusted.company
India,rfpease.org
India,metrichub.ai
Brazil,tutamail.com
India,arrowsolarsolutions.au
India,satsportnews.com
United Kingdom,boatsy.com
United States,haelanenergy.com
United Kingdom,localhost.international
India,capitalkonect.co.uk
Australia,unitedwecan.com.au
United States,umich.edu
Australia,firebrickpharma.com
United States,hi2.in
United States,onebusiness.com
United States,managementc.net
United States,galapagostrading.com
India,qbim.co.in
India,softment.in
Ukraine,alekseyboyko.com
United States,gauermodules.com
India,kommuniquelearning.com
United States,cornell.edu
United States,selcedu.com
India,infinitysoftsystems.com
United States,snapi.com
India,bluehiresolutions.com
India,inlogic.in
Ukraine,withtwine.com
India,corpswing.co.uk
India,salesforce.com
India,vaultmotion.com
India,triomedia.io
South Africa,droneworld.co.za
India,bluenetmarketing.com
United Arab Emirates,dreamholidays.llc
Philippines,ventra.com.sg
Moldova,energnature.com
India,trevalocreatives.site
India,boostchannel.in
Australia,dimepiecedynasty.com
United States,bahamagolfuniversity.com
United States,lochharbour.org
United States,webliteseo.com
India,techsysweb.com
India,fluid.ai
India,ondemandint.com
India,xebo.ai
United States,orbis-it.com
Indonesia,lifewood.com
India,getaltos.com
India,b2bwizards.io
India,cxm.com
France,pluslogisticsltd.com
Germany,sciengines.com
Netherlands,beaconhousetechnology.com
India,growmaxai.com
Hungary,smartago.net
Australia,alchemybreathwork.com.au
India,webnetictrendz.com
India,localtravelsguide.com
United States,rockyexteriors.com
Australia,quantumcontractsolutions.com
India,designbrains.com
India,proteomics.com.au
United States,group14.technology
United States,gouparty.com
India,fortunechimmizone.com
India,avishkaram.com
United States,solnrus.com
India,innovantsolution.com
United Kingdom,green-lawner.com
India,hashdt.com
India,orderonline.in.net
India,tetr.org
United Arab Emirates,almondtcss.com
United Kingdom,merlinhomes.co
Cambodia,oviovi.io
Mexico,christianharvey.london
South Africa,capeneto.com
United States,rsrkitchen.com
United States,albertosardinas.com
Thailand,themccorp.com
United States,northpointhospitality.com
India,sheelafoam.com
India,digitruckdispatchers.com
Philippines,kw.com
United States,goflow.co.site
United States,86cannon.com
United States,topnames.org
United States,oceansxyz.com
United Kingdom,t4.education
United States,alselli.co.id
United States,highticketclosers.us
Canada,wiserteck.com
United Arab Emirates,luxinvest.io
United States,newwavefansmanagement.com
Pakistan,wahyd.com
United States,jktech-collabs.com
Colombia,ideasx.com
India,radiatechs.com
India,ark2construct.com
India,speedobuy.com
United States,stayhome.li
India,houseofassignments.com
India,tourbureau.us
India,innovativehiringsolutions.com
United States,owleyes.ch
Philippines,axguard.com
Philippines,tycoms.com
United States,intergroupmining.com
India,geniusbuddyy.com
Malaysia,jyglobalbiz.com
Kosovo,bliniofficial.com
India,synovaconsultants.com
Kazakhstan,rybnikov.co
India,mokobara.com
United States,equitylegalservices.org
United States,skyworksllc.com
India,techxerro.com
Philippines,blacktuskadvisors.com
Latvia,teamdash.com
India,basalanalytics.com
United States,pathwayzbd.com
India,avantaxdesign.com
Australia,advantagefeeders.com.au
Portugal,jdadigital.com
India,iacs.in
Algeria,souheibmadi.com
India,borisgroupofconstruction.com.au
India,mindcypress.com
India,doshiengineering.com
Thailand,kohtour.com
India,revolnixx.com
India,giakaacapital.com
India,andaazfashion.com
India,thesuperaccountants.com
India,finoways.com
United States,dreamkeyrentals.com
United Kingdom,catapultonline.com
India,hekautech.com
Germany,farol-hansestil.de
India,lowcodeminds.com
India,prepzee.com
South Africa,k2020.digital
6.289396739,cbasites.com
India,smartenspaces.com
Ukraine,skillreveal.io
France,datafit-solutions.com
United States,futurewiseresearch.com
Viet Nam,forintech.com
India,bioquestglobal.com
United Kingdom,aristx.com
United States,saverin.com
Pakistan,amurglobal.com
India,ananyapanda.space
India,tryzensolution.com
India,sgnow.in
India,edbrig.com
India,technagy.com
India,rotchsolutions.xyz
India,ghareebobazar.com
India,sghrfze.com
India,neubergtechnology.com
Georgia,luxgeorgia.com
Canada,bryanphama.com
India,resumetiger.app
India,shieldbyteinfosec.com
India,mudshare.com
Portugal,sedgwick.net.au
United States,moasm.com
United States,rommelvargas.com
India,iscuela.com
Nepal,zomome.com
Viet Nam,flipjungle.com
India,equinoxedge.com
United States,claimclimbers.com
Australia,overdriverecruitment.com
Slovakia,lembrt.com
India,dotcouncil.org
Australia,cribcreative.com.au
United States,julakanti.com
Australia,qcsmelbourne.com
India,primetrace.com
India,bhullarenterprisesllc.com
India,egetechs.com
United States,cetta.io
United States,pbell.com
United States,ledusatx.com
India,zymaxpharma.com
United Kingdom,choco.la
Germany,radiantscience.io
Canada,mavitdigital.com
India,targetgrid.ai
United States,carconnectautosales.com
United States,maryruthorganics.com
Hong Kong,kennedyslaw.com
Philippines,mail2tor.com
Guernsey,boosttown.uk
India,kloudeva.com
Singapore,rv-quantum.com
Viet Nam,leanbase.com
India,pristineposh.com
Brazil,aeroamericagroup.com
United States,grandvalleytutor.com
Germany,heinrichackermann-bau.de
India,attoinfotech.com
India,fxpro.com
United States,pamhq.com
Germany,twentyeight.media
United States,metrowestcarservice.com
United States,mailfence.com
United States,ttg-globalgroup.com
Canada,animahealth.com
United States,ferlazzo.it
United Kingdom,hellomoe.co.uk
United Arab Emirates,arctech.pro
India,xenelsoft.com
Australia,childsafealliance.com.au
United Kingdom,suntopfundau.com
United States,newmoneycompany.com
India,kylas.io
United States,succeedsmarter.co
Belgium,avkwinkel.nl
United Arab Emirates,3layerstech.com
Spain,groa.online
Philippines,aidus.ai
United States,skyvisionnyc.com
India,zulutrade.com
Singapore,upvuecpa.com
United States,uprealltyllc.com
United Kingdom,leabro.com
India,fpstechnologies.in
India,couponorg.com
United States,int.pl
New Zealand,beyondarchitects.co.nz
India,theoffshorewave.com
United States,classatruckin.com
India,fameninja.com
Thailand,fando.ai
United States,vluwork.com
Philippines,lpb.gg
Sri Lanka,affordabledreams.us
United States,myclkd.id
Philippines,civilconsol.com.au
Australia,divegen.com.au
United States,massavana.com
United Kingdom,collective-commerce-hk.com
Australia,craftybusiness.cloud
India,coretechplacements.in
United Kingdom,ccotech.net
Thailand,edalem.io
India,hakunamatatatech.com
United Kingdom,wisewaysinstitute.com
Israel,localbird.io
India,gtm.inc
United States,newt.foundation
Netherlands,gorvat.me
Ukraine,netsolidinvest.com
Pakistan,weldo.org
Indonesia,aboniemediagroup.com
Philippines,aqwire.co
Russian Federation,vk.com
India,tech-computers.com
United States,area9tea8.com
India,nextgenhardwarelimited.com
Belgium,digitalbry.com
Indonesia,voip.associates
India,24x7designs.com
Australia,luxecosmetictattooing.com.au
United Kingdom,rbphotography.online
India,epictranscription.com
United States,bearcateth.com
India,looplynks.com
Australia,xero.com
Nigeria,rackantech.com
United States,eylulozturk.com
Australia,futurasydney.com
India,vstartimmigrations.in
United States,luminexagroup.com
United States,tuta.com
Philippines,ph.staffoutsourcing.com
Japan,deiso.co.jp
United Kingdom,fansbase.uk
United States,petrovdigital.io
United States,doubt.com
Australia,firepulseai.com
United States,wilmingtonaquaticclub.com
Israel,toolswiss.com
United States,4sqinternational.com
Netherlands,risottini.com
India,hetcash.com
Hong Kong,hollo.hk
United States,emergemarket.com
India,functionatics.com
United States,iv.ai
India,nakad.co
India,vlifesolutions.co.uk
India,agentic.it
United States,ge-ed.co
United States,smartnutritionfitclub.com
Turkey,betrobot.ai
India,justtrademarkets.com
