domain,count
duck.com,166
tutamail.com,114
gufum.com,92
pm.me,89
gmail.com,82
telegmail.com,65
passmail.net,61
abv.bg,58
hi2.in,56
mozmail.com,52
passinbox.com,49
inbox.lv,46
zohomail.com,31
tuta.io,30
emaily.pro,28
skiff.com,27
fthcapital.com,27
pixdd.com,24
pofmagic.com,22
mailto.plus,21
sharklasers.com,21
mailfence.com,20
evnft.com,20
scarden.com,19
lofiey.com,19
downlor.com,19
awgarstone.com,19
desertsundesigns.com,18
bulatox.com,18
krispcallmail.com,18
rustyload.com,18
onionmail.org,17
maonyn.com,17
nongnue.com,17
polkaroad.net,17
matmayer.com,17
powerscrews.com,17
dacgu.com,17
cyclelove.cc,16
fuasha.com,16
emailawb.pro,16
poplk.com,16
chansd.com,16
simplelogin.com,16
shaflyn.com,16
punkproof.com,16
belgianairways.com,16
rohoza.com,16
somelora.com,15
wenkuu.com,15
ptct.net,15
evasud.com,15
otemdi.com,15
felibg.com,15
evusd.com,15
ytnhy.com,15
watrf.com,14
anypng.com,14
bcooq.com,14
rowplant.com,14
navalcadets.com,14
visignal.com,14
almaxen.com,14
e-record.com,14
inikale.com,14
prorsd.com,14
atomicmail.io,14
hthlm.com,14
qzueos.com,14
kytstore.com,14
aleeas.com,14
acroins.com,14
gholar.com,14
emailabox.pro,13
exitbit.com,13
jioso.com,13
indigobook.com,13
mailnuo.com,13
pariag.com,13
myweblaw.com,13
starmail.net,13
laymro.com,13
ckuer.com,13
onmail.com,13
kimasoft.com,13
eagereverest.com,13
eryod.com,13
nbmbb.com,13
lineacr.com,13
togito.com,13
gianes.com,13
opposir.com,12
konican.com,12
aperiol.com,12
inohm.com,12
wireconnected.com,12
etopys.com,12
tupanda.com,12
kazvi.com,12
cironex.com,12
newcupon.com,12
luxyss.com,12
paxnw.com,12
fahih.com,12
pokeline.com,12
qejjyl.com,12
seosnaps.com,12
neuraxo.com,12
adrais.com,12
bitofee.com,12
kravify.com,12
owube.com,11
kunderh.com,11
grr.la,11
flexvio.com,11
spymail.one,11
edectus.com,11
gosarlar.com,11
ekposta.com,11
dfesc.com,11
fundapk.com,11
emailaoa.pro,11
bmixr.com,11
tuta.com,11
ofacer.com,11
haren.uk,11
knilok.com,11
movfull.com,11
tgrafx.com,11
deenur.com,11
acentni.com,11
fenxz.com,11
kurbieh.com,11
gearstag.com,11
kimdyn.com,11
dcobe.com,11
10mail.org,11
hdrlog.com,11
bangban.uk,11
nozamas.com,11
logsmarter.net,11
lapeds.com,10
inpsur.com,10
jalunaki.com,10
marchub.com,10
dreamclarify.org,10
mymail.lausd.net,10
mailna.co,10
storesr.com,10
wywnxa.com,10
operades.com,10
provko.com,10
venfee.com,10
ahaks.com,10
eluxeer.com,10
siambuy.com,10
minduls.com,10
btcours.com,10
cashbn.com,10
alientex.com,10
kuandika.com,10
mitico.org,10
vimeck.com,10
shouxs.com,10
teleg.eu,10
digopm.com,10
exdonuts.com,10
ibolinva.com,10
ilebi.com,10
adosnan.com,10
ikumaru.com,10
fashlend.com,10
soscandia.org,10
sfxeur.com,10
mposhop.com,10
sofarb.com,10
maildrop.cc,10
picdv.com,10
avastu.com,10
mvpmedix.com,10
devdigs.com,10
freeml.net,10
acname.com,10
renydox.com,10
emailcbox.pro,10
dlbazi.com,10
qiradio.com,10
abnovel.com,10
futurejs.com,10
merotx.com,10
decodewp.com,10
rykone.com,10
iliken.com,10
vidwobox.com,10
trackden.com,10
ptiong.com,10
nestvia.com,10
